{"cameraMode":{"drawMode":0,"name":"Shaded","section":"Shading Mode"},"sceneLighting":true,"audioPlay":false,"sceneViewState":{"showFog":true,"showMaterialUpdate":true,"showSkybox":true,"showFlares":true,"showImageEffects":true,"showParticleSystems":true},"in2DMode":false,"pivot":{"x":2.5789661407470705,"y":1.7089886665344239,"z":-0.8575544357299805},"rotation":{"x":-0.08688890188932419,"y":0.006272569764405489,"z":-0.0005468944436870515,"w":-0.9962008595466614},"size":44.99013137817383,"orthographic":false}