{"cameraMode":{"drawMode":0,"name":"Shaded","section":"Shading Mode"},"sceneLighting":true,"audioPlay":false,"sceneViewState":{"showFog":true,"showMaterialUpdate":true,"showSkybox":true,"showFlares":true,"showImageEffects":true,"showParticleSystems":true},"in2DMode":false,"pivot":{"x":-18.53428077697754,"y":15.569746017456055,"z":0.8199938535690308},"rotation":{"x":0.023974673822522165,"y":0.04376962035894394,"z":0.0010506107937544585,"w":-0.9987542629241943},"size":84.36762237548828,"orthographic":false}