{"cameraMode":{"drawMode":0,"name":"Shaded","section":"Shading Mode"},"sceneLighting":true,"audioPlay":false,"sceneViewState":{"showFog":true,"showMaterialUpdate":true,"showSkybox":true,"showFlares":true,"showImageEffects":true,"showParticleSystems":true},"in2DMode":false,"pivot":{"x":-0.7876882553100586,"y":7.594965934753418,"z":8.90341854095459},"rotation":{"x":0.03743597865104675,"y":0.05423130840063095,"z":0.0020346278324723245,"w":-0.9978242516517639},"size":25.516464233398439,"orthographic":false}