{"cameraMode":{"drawMode":0,"name":"Shaded","section":"Shading Mode"},"sceneLighting":true,"audioPlay":false,"sceneViewState":{"showFog":true,"showMaterialUpdate":true,"showSkybox":true,"showFlares":true,"showImageEffects":true,"showParticleSystems":true},"in2DMode":false,"pivot":{"x":0.06233939528465271,"y":-0.9020536541938782,"z":5.850438117980957},"rotation":{"x":0.23996248841285706,"y":0.023296164348721505,"z":-0.005760204512625933,"w":0.9704873561859131},"size":28.352140426635743,"orthographic":false}